{
  "Ansi 6 Color" : {
    "Green Component" : 0.56019961833953857,
    "Red Component" : 0.34018850326538086,
    "Blue Component" : 0.64178985357284546
  },
  "Tags" : [

  ],
  "Ansi 12 Color" : {
    "Green Component" : 0.42590731382369995,
    "Red Component" : 0.093434453010559082,
    "Blue Component" : 0.89109110832214355
  },
  "Ansi 7 Color" : {
    "Green Component" : 0.73772752285003662,
    "Red Component" : 0.72378784418106079,
    "Blue Component" : 0.72799122333526611
  },
  "Draw Powerline Glyphs" : true,
  "Bold Color" : {
    "Green Component" : 1,
    "Red Component" : 0.99575066566467285,
    "Blue Component" : 0.69725716114044189
  },
  "Ansi 8 Color" : {
    "Green Component" : 0.53847712278366089,
    "Red Component" : 0.53400516510009766,
    "Blue Component" : 0.52966117858886719
  },
  "Ansi 9 Color" : {
    "Green Component" : 0,
    "Red Component" : 0.98592376708984375,
    "Blue Component" : 0.11970168352127075
  },
  "Ansi 1 Color" : {
    "Green Component" : 0.24612078070640564,
    "Red Component" : 0.74655872583389282,
    "Blue Component" : 0.28296563029289246
  },
  "Rows" : 25,
  "Default Bookmark" : "No",
  "Ansi 5 Color" : {
    "Green Component" : 0.36032408475875854,
    "Red Component" : 0.5216478705406189,
    "Blue Component" : 0.5548633337020874
  },
  "Cursor Guide Color" : {
    "Red Component" : 0.70213186740875244,
    "Color Space" : "sRGB",
    "Blue Component" : 1,
    "Alpha Component" : 0.25,
    "Green Component" : 0.9268307089805603
  },
  "Non-ASCII Anti Aliased" : true,
  "Use Bright Bold" : true,
  "Ansi 10 Color" : {
    "Green Component" : 0.44594758749008179,
    "Red Component" : 0.058273889124393463,
    "Blue Component" : 0.18262514472007751
  },
  "Ambiguous Double Width" : false,
  "Jobs to Ignore" : [
    "rlogin",
    "ssh",
    "slogin",
    "telnet"
  ],
  "Ansi 15 Color" : {
    "Green Component" : 1,
    "Red Component" : 0.99088609218597412,
    "Blue Component" : 0.72441869974136353
  },
  "Foreground Color" : {
    "Green Component" : 0.73772752285003662,
    "Red Component" : 0.72378784418106079,
    "Blue Component" : 0.72799122333526611
  },
  "Bound Hosts" : [

  ],
  "Working Directory" : "\/Users\/jkatz97",
  "Blinking Cursor" : false,
  "Disable Window Resizing" : true,
  "Sync Title" : false,
  "Prompt Before Closing 2" : false,
  "BM Growl" : true,
  "Command" : "",
  "Description" : "Default",
  "Mouse Reporting" : true,
  "Screen" : -1,
  "Selection Color" : {
    "Green Component" : 0.17529888451099396,
    "Red Component" : 0.16332042217254639,
    "Blue Component" : 0.19518557190895081
  },
  "Columns" : 80,
  "Idle Code" : 0,
  "Ansi 13 Color" : {
    "Green Component" : 0,
    "Red Component" : 0.98593467473983765,
    "Blue Component" : 0.40404337644577026
  },
  "Custom Command" : "No",
  "ASCII Anti Aliased" : true,
  "Non Ascii Font" : "Menlo-Regular 11",
  "Vertical Spacing" : 1,
  "Use Bold Font" : true,
  "Option Key Sends" : 0,
  "Selected Text Color" : {
    "Green Component" : 0.73772752285003662,
    "Red Component" : 0.72378784418106079,
    "Blue Component" : 0.72799122333526611
  },
  "Background Color" : {
    "Green Component" : 0.12050691246986389,
    "Red Component" : 0.1205105185508728,
    "Blue Component" : 0.12050896137952805
  },
  "Character Encoding" : 4,
  "Ansi 11 Color" : {
    "Green Component" : 0.44065150618553162,
    "Red Component" : 0.76750457286834717,
    "Blue Component" : 0.20107564330101013
  },
  "Non-ASCII Ligatures" : false,
  "Thin Strokes" : 4,
  "Use Italic Font" : true,
  "Unlimited Scrollback" : false,
  "Keyboard Map" : {
    "0x70-0x140000" : {
      "Text" : "0x1b 0x10",
      "Action" : 11
    },
    "0x52-0x120000" : {
      "Text" : "0x1b 0x52",
      "Action" : 11
    },
    "0x54-0x120000" : {
      "Text" : "0x1b 0x54",
      "Action" : 11
    },
    "0xf702-0x280000" : {
      "Action" : 11,
      "Text" : "0x1b 0x1b 0x5b 0x44"
    },
    "0x57-0x120000" : {
      "Text" : "0x1b 0x57",
      "Action" : 11
    },
    "0xf70d-0x20000" : {
      "Action" : 10,
      "Text" : "[21;2~"
    },
    "0x4a-0x120000" : {
      "Text" : "0x1b 0x4a",
      "Action" : 11
    },
    "0x77-0x140000" : {
      "Action" : 25,
      "Text" : "Close\nClose"
    },
    "0x2d-0x100000" : {
      "Text" : "0x1b 0x2d",
      "Action" : 11
    },
    "0x2c-0x100000" : {
      "Text" : "0x1b 0x2c",
      "Action" : 11
    },
    "0x6a-0x140000" : {
      "Text" : "0x1b 0x0a",
      "Action" : 11
    },
    "0x4c-0x120000" : {
      "Text" : "0x1b 0x4c",
      "Action" : 11
    },
    "0xf701-0x280000" : {
      "Action" : 11,
      "Text" : "0x1b 0x1b 0x5b 0x42"
    },
    "0x33-0x40000" : {
      "Action" : 11,
      "Text" : "0x1b"
    },
    "0xf703-0x260000" : {
      "Action" : 10,
      "Text" : "[1;6C"
    },
    "0xf729-0x20000" : {
      "Action" : 10,
      "Text" : "[1;2H"
    },
    "0x6c-0x140000" : {
      "Text" : "0x1b 0x0c",
      "Action" : 11
    },
    "0x70-0x100000" : {
      "Text" : "0x1b 0x70",
      "Action" : 11
    },
    "0x6e-0x140000" : {
      "Action" : 26,
      "Text" : "5B779DEC-20EC-49A6-927B-384574551554"
    },
    "0x71-0x100000" : {
      "Text" : "0x1b 0x71",
      "Action" : 11
    },
    "0x4e-0x120000" : {
      "Text" : "0x1b 0x4e",
      "Action" : 11
    },
    "0x72-0x100000" : {
      "Text" : "0x1b 0x72",
      "Action" : 11
    },
    "0xf700-0x280000" : {
      "Action" : 11,
      "Text" : "0x1b 0x1b 0x5b 0x41"
    },
    "0xf702-0x260000" : {
      "Action" : 10,
      "Text" : "[1;6D"
    },
    "0x6b-0x140000" : {
      "Text" : "0x1b 0x0b",
      "Action" : 11
    },
    "0x38-0x40000" : {
      "Action" : 11,
      "Text" : "0x7f"
    },
    "0xf708-0x20000" : {
      "Action" : 10,
      "Text" : "[15;2~"
    },
    "0x74-0x100000" : {
      "Text" : "0x1b 0x74",
      "Action" : 11
    },
    "0xf72b-0x40000" : {
      "Action" : 10,
      "Text" : "[1;5F"
    },
    "0x77-0x100000" : {
      "Text" : "0x1b 0x77",
      "Action" : 11
    },
    "0xf70c-0x20000" : {
      "Action" : 10,
      "Text" : "[20;2~"
    },
    "0x4b-0x120000" : {
      "Text" : "0x1b 0x4b",
      "Action" : 11
    },
    "0x6a-0x100000" : {
      "Text" : "0x1b 0x6a",
      "Action" : 11
    },
    "0x79-0x100000" : {
      "Text" : "0x1b 0x79",
      "Action" : 11
    },
    "0x6b-0x100000" : {
      "Text" : "0x1b 0x6b",
      "Action" : 11
    },
    "0xf701-0x260000" : {
      "Action" : 10,
      "Text" : "[1;6B"
    },
    "0x32-0x40000" : {
      "Action" : 11,
      "Text" : "0x00"
    },
    "0x6c-0x100000" : {
      "Text" : "0x1b 0x6c",
      "Action" : 11
    },
    "0xf707-0x20000" : {
      "Action" : 10,
      "Text" : "[1;2S"
    },
    "0xf703-0x240000" : {
      "Action" : 10,
      "Text" : "[1;5C"
    },
    "0x6e-0x100000" : {
      "Text" : "0x1b 0x6e",
      "Action" : 11
    },
    "0x73-0x100000" : {
      "Text" : "0x1b 0x73",
      "Action" : 11
    },
    "0xf700-0x260000" : {
      "Action" : 10,
      "Text" : "[1;6A"
    },
    "0xf702-0x240000" : {
      "Action" : 10,
      "Text" : "[1;5D"
    },
    "0x37-0x40000" : {
      "Action" : 11,
      "Text" : "0x1f"
    },
    "0x44-0x120000" : {
      "Text" : "0x1b 0x44",
      "Action" : 11
    },
    "0xf701-0x240000" : {
      "Action" : 10,
      "Text" : "[1;5B"
    },
    "0x3d-0x140000" : {
      "Action" : 25,
      "Text" : "Make Text Bigger\nMake Text Bigger"
    },
    "0xf703-0x220000" : {
      "Action" : 10,
      "Text" : "[1;2C"
    },
    "0xf70b-0x20000" : {
      "Action" : 10,
      "Text" : "[19;2~"
    },
    "0x48-0x120000" : {
      "Text" : "0x1b 0x48",
      "Action" : 11
    },
    "0xf706-0x20000" : {
      "Action" : 10,
      "Text" : "[1;2R"
    },
    "0x68-0x140000" : {
      "Text" : "0x1b 0x08",
      "Action" : 11
    },
    "0xf700-0x240000" : {
      "Action" : 10,
      "Text" : "[1;5A"
    },
    "0xf702-0x220000" : {
      "Action" : 10,
      "Text" : "[1;2D"
    },