{
  "Profiles": [
    {
      "Ansi 6 Color" : {
        "Green Component" : 0.56019961833953857,
        "Blue Component" : 0.64178985357284546,
        "Red Component" : 0.34018850326538086
      },
      "Tags" : [

      ],
      "Ansi 12 Color" : {
        "Green Component" : 0.42590731382369995,
        "Blue Component" : 0.89109110832214355,
        "Red Component" : 0.093434453010559082
      },
      "Ansi 7 Color" : {
        "Green Component" : 0.73772752285003662,
        "Blue Component" : 0.72799122333526611,
        "Red Component" : 0.72378784418106079
      },
      "Draw Powerline Glyphs" : true,
      "Bold Color" : {
        "Green Component" : 1,
        "Blue Component" : 0.69725716114044189,
        "Red Component" : 0.99575066566467285
      },
      "Ansi 8 Color" : {
        "Green Component" : 0.53847712278366089,
        "Blue Component" : 0.52966117858886719,
        "Red Component" : 0.53400516510009766
      },
      "Ansi 9 Color" : {
        "Green Component" : 0,
        "Blue Component" : 0.11970168352127075,
        "Red Component" : 0.98592376708984375
      },
      "Ansi 0 Color" : {
        "Green Component" : 0.23855249583721161,
        "Blue Component" : 0.26370203495025635,
        "Red Component" : 0.22909823060035706
      },
      "Rows" : 25,
      "Default Bookmark" : "No",
      "Ansi 5 Color" : {
        "Green Component" : 0.36032408475875854,
        "Blue Component" : 0.5548633337020874,
        "Red Component" : 0.5216478705406189
      },
      "Cursor Guide Color" : {
        "Red Component" : 0.70213186740875244,
        "Color Space" : "sRGB",
        "Blue Component" : 1,
        "Alpha Component" : 0.25,
        "Green Component" : 0.9268307089805603
      },
      "Non-ASCII Anti Aliased" : true,
      "Use Bright Bold" : true,
      "Ansi 10 Color" : {
        "Green Component" : 0.44594758749008179,
        "Blue Component" : 0.18262514472007751,
        "Red Component" : 0.058273889124393442
      },
      "Ambiguous Double Width" : false,
      "Jobs to Ignore" : [
        "rlogin",
        "ssh",
        "slogin",
        "telnet"
      ],
      "Ansi 15 Color" : {
        "Green Component" : 1,
        "Blue Component" : 0.72441869974136353,
        "Red Component" : 0.99088609218597412
      },
      "Foreground Color" : {
        "Green Component" : 0.73772752285003662,
        "Blue Component" : 0.72799122333526611,
        "Red Component" : 0.72378784418106079
      },
      "Bound Hosts" : [

      ],
      "Working Directory" : "\/Users\/jkatz97",
      "Blinking Cursor" : false,
      "Disable Window Resizing" : true,
      "Sync Title" : false,
      "Prompt Before Closing 2" : false,
      "BM Growl" : true,
      "Command" : "",
      "Description" : "Default",
      "Mouse Reporting" : true,
      "Screen" : -1,
      "Selection Color" : {
        "Green Component" : 0.17529888451099396,
        "Blue Component" : 0.19518557190895081,
        "Red Component" : 0.16332042217254639
      },
      "Columns" : 80,
      "Idle Code" : 0,
      "Ansi 13 Color" : {
        "Green Component" : 0,
        "Blue Component" : 0.40404337644577026,
        "Red Component" : 0.98593467473983765
      },
      "Custom Command" : "No",
      "ASCII Anti Aliased" : true,
      "Non Ascii Font" : "Menlo-Regular 11",
      "Vertical Spacing" : 1,
      "Use Bold Font" : true,
      "Option Key Sends" : 0,
      "Selected Text Color" : {
        "Green Component" : 0.73772752285003662,
        "Blue Component" : 0.72799122333526611,
        "Red Component" : 0.72378784418106079
      },
      "Background Color" : {
        "Green Component" : 0.12050691246986389,
        "Blue Component" : 0.12050896137952805,
        "Red Component" : 0.1205105185508728
      },
      "Character Encoding" : 4,
      "Ansi 11 Color" : {
        "Green Component" : 0.44065150618553162,
        "Blue Component" : 0.20107564330101013,
        "Red Component" : 0.76750457286834717
      },
      "Non-ASCII Ligatures" : false,
      "Thin Strokes" : 4,
      "Use Italic Font" : true,
      "Unlimited Scrollback" : false,
      "Keyboard Map" : {
        "0x52-0x120000" : {
          "Action" : 11,
          "Text" : "0x1b 0x52"
        },
        "0x54-0x120000" : {
          "Action" : 11,
          "Text" : "0x1b 0x54"
        },
        "0xf702-0x280000" : {
          "Text" : "0x1b 0x1b 0x5b 0x44",
          "Action" : 11
        },
        "0x2e-0x100000-0x2f" : {
          "Label" : "",
          "Action" : 11,
          "Text" : "0x1b 0x2e"
        },
        "0x57-0x120000" : {
          "Action" : 11,
          "Text" : "0x1b 0x57"
        },
        "0x73-0x140000" : {
          "Text" : "0x1b 0x13",
          "Action" : 11
        },
        "0xf70d-0x20000" : {
          "Text" : "[21;2~",
          "Action" : 10
        },
        "0x4a-0x120000" : {
          "Action" : 11,
          "Text" : "0x1b 0x4a"
        },
        "0x2c-0x100000" : {
          "Action" : 11,
          "Text" : "0x1b 0x2c"
        },
        "0x4b-0x120000" : {
          "Action" : 11,
          "Text" : "0x1b 0x4b"
        },
        "0x77-0x140000" : {
          "Text" : "Close\nClose",
          "Action" : 25
        },
        "0x75-0x100000-0x20" : {
          "Label" : "",
          "Action" : 11,
          "Text" : "0x1b 0x75"
        },
        "0x4c-0x120000" : {
          "Action" : 11,
          "Text" : "0x1b 0x4c"
        },
        "0x6b-0x140000" : {
          "Action" : 11,
          "Text" : "0x1b 0x0b"
        },
        "0x33-0x40000" : {
          "Text" : "0x1b",
          "Action" : 11
        },
        "0xf703-0x260000" : {
          "Text" : "[1;6C",
          "Action" : 10
        },
        "0xf729-0x20000" : {
          "Text" : "[1;2H",
          "Action" : 10
        },
        "0xf708-0x20000" : {
          "Text" : "[15;2~",
          "Action" : 10
        },
        "0x6c-0x140000" : {
          "Action" : 11,
          "Text" : "0x1b 0x0c"
        },
        "0xf701-0x280000" : {
          "Text" : "0x1b 0x1b 0x5b 0x42",
          "Action" : 11
        },
        "0x6a-0x140000" : {
          "Action" : 11,
          "Text" : "0x1b 0x0a"
        },
        "0xf700-0x280000" : {
          "Text" : "0x1b 0x1b 0x5b 0x41",
          "Action" : 11
        },
        "0x72-0x100000" : {
          "Action" : 11,
          "Text" : "0x1b 0x72"
        },
        "0xf702-0x260000" : {
          "Text" : "[1;6D",
          "Action" : 10
        },
        "0x73-0x100000" : {
          "Action" : 11,
          "Text" : "0x1b 0x73"
        },
        "0x38-0x40000" : {
          "Text" : "0x7f",
          "Action" : 11
        },
        "0x74-0x100000" : {
          "Action" : 11,
          "Text" : "0x1b 0x74"
        },
        "0xf72b-0x40000" : {
          "Text" : "[1;5F",
          "Action" : 10
        },
        "0x77-0x100000" : {
          "Action" : 11,
          "Text" : "0x1b 0x77"
        },
        "0xf70c-0x20000" : {
          "Text" : "[20;2~",
          "Action" : 10
        },
        "0x70-0x100000-0x23" : {
          "Label" : "",
          "Action" : 11,
          "Text" : "0x1b 0x70"
        },
        "0x6a-0x100000" : {
          "Action" : 11,
          "Text" : "0x1b 0x6a"
        },
        "0x4d-0x120000-0x2e" : {
          "Label" : "",
          "Action" : 11,
          "Text" : "0x1b 0x4d"
        },
        "0x6b-0x100000" : {
          "Action" : 11,
          "Text" : "0x1b 0x6b"
        },
        "0x6c-0x100000" : {
          "Action" : 11,
          "Text" : "0x1b 0x6c"
        },
        "0xf703-0x240000" : {
          "Text" : "[1;5C",
          "Action" : 10
        },
        "0x32-0x40000" : {
          "Text" : "0x00",
          "Action" : 11
        },
        "0xf701-0x260000" : {
          "Text" : "[1;6B",
          "Action" : 10
        },
        "0x6d-0x100000-0x2e" : {
          "Label" : "",
          "Action" : 11,