{
    "Profiles": [
        {
          "Use Non-ASCII Font" : false,
          "Tags" : [
            "Dynamic"
          ],
          "Ansi 12 Color" : {
            "Green Component" : 0.42590731382369995,
            "Blue Component" : 0.89109110832214355,
            "Red Component" : 0.093434453010559082
          },
          "Guid" : "5B779DEC-20EC-49A6-927B-384574551554",
          "Draw Powerline Glyphs" : true,
          "Bold Color" : {
            "Green Component" : 1,
            "Blue Component" : 0.69725716114044189,
            "Red Component" : 0.99575066566467285
          },
          "Normal Font" : "Monaco 14",
          "Ansi 2 Color" : {
            "Green Component" : 0.60448122024536133,
            "Blue Component" : 0.23052853345870972,
            "Red Component" : 0.52787607908248901
          },
          "Custom Directory" : "No",
          "Rows" : 25,
          "Default Bookmark" : "No",
          "Ansi 5 Color" : {
            "Green Component" : 0.36032408475875854,
            "Blue Component" : 0.5548633337020874,
            "Red Component" : 0.5216478705406189
          },
          "Cursor Guide Color" : {
            "Red Component" : 0.70213186740875244,
            "Color Space" : "sRGB",
            "Blue Component" : 1,
            "Alpha Component" : 0.25,
            "Green Component" : 0.9268307089805603
          },
          "Non-ASCII Anti Aliased" : true,
          "Use Bright Bold" : true,
          "Ansi 10 Color" : {
            "Green Component" : 0.44594758749008179,
            "Blue Component" : 0.18262514472007751,
            "Red Component" : 0.058273889124393442
          },
          "Ambiguous Double Width" : false,
          "Jobs to Ignore" : [
            "rlogin",
            "ssh",
            "slogin",
            "telnet"
          ],
          "Ansi 15 Color" : {
            "Green Component" : 1,
            "Blue Component" : 0.72441869974136353,
            "Red Component" : 0.99088609218597412
          },
          "Foreground Color" : {
            "Green Component" : 0.73772752285003662,
            "Blue Component" : 0.72799122333526611,
            "Red Component" : 0.72378784418106079
          },
          "Bound Hosts" : [

          ],
          "Working Directory" : "\/Users\/jkatz97",
          "Blinking Cursor" : false,
          "Disable Window Resizing" : true,
          "Sync Title" : false,
          "Prompt Before Closing 2" : false,
          "BM Growl" : true,
          "Mouse Reporting" : true,
          "Command" : "",
          "Description" : "Default",
          "Dynamic Profile Filename" : "\/Users\/jasonkatz\/Library\/Application Support\/iTerm2\/DynamicProfiles\/dotfiles-dynamic-profiles.json",
          "Screen" : -1,
          "Selection Color" : {
            "Green Component" : 0.17529888451099396,
            "Blue Component" : 0.19518557190895081,
            "Red Component" : 0.16332042217254639
          },
          "Columns" : 80,
          "Idle Code" : 0,
          "Ansi 13 Color" : {
            "Green Component" : 0,
            "Blue Component" : 0.40404337644577026,
            "Red Component" : 0.98593467473983765
          },
          "Custom Command" : "No",
          "ASCII Anti Aliased" : true,
          "Non Ascii Font" : "Menlo-Regular 11",
          "Vertical Spacing" : 1,
          "Use Bold Font" : true,
          "Option Key Sends" : 0,
          "Selected Text Color" : {
            "Green Component" : 0.73772752285003662,
            "Blue Component" : 0.72799122333526611,
            "Red Component" : 0.72378784418106079
          },
          "Background Color" : {
            "Green Component" : 0.12050691246986389,
            "Blue Component" : 0.12050896137952805,
            "Red Component" : 0.1205105185508728
          },
          "Character Encoding" : 4,
          "Ansi 11 Color" : {
            "Green Component" : 0.44065150618553162,
            "Blue Component" : 0.20107564330101013,
            "Red Component" : 0.76750457286834717
          },
          "Non-ASCII Ligatures" : false,
          "Thin Strokes" : 4,
          "Use Italic Font" : true,
          "Unlimited Scrollback" : false,
          "Keyboard Map" : {
            "0xf703-0x280000-0x7c" : {
              "Label" : "",
              "Action" : 10,
              "Text" : "f"
            },
            "0x52-0x120000" : {
              "Action" : 11,
              "Text" : "0x1b 0x52"
            },
            "0x54-0x120000" : {
              "Action" : 11,
              "Text" : "0x1b 0x54"
            },
            "0x73-0x140000" : {
              "Text" : "0x1b 0x13",
              "Action" : 11
            },
            "0x7f-0x80000-0x33" : {
              "Label" : "",
              "Action" : 11,
              "Text" : "0x17"
            },
            "0x57-0x120000" : {
              "Action" : 11,
              "Text" : "0x1b 0x57"
            },
            "0x2e-0x100000-0x2f" : {
              "Label" : "",
              "Action" : 11,
              "Text" : "0x1b 0x2e"
            },
            "0x4a-0x120000" : {
              "Action" : 11,
              "Text" : "0x1b 0x4a"
            },
            "0x2c-0x100000" : {
              "Action" : 11,
              "Text" : "0x1b 0x2c"
            },
            "0x77-0x140000" : {
              "Text" : "Close\nClose",
              "Action" : 25
            },
            "0xf703-0x300000-0x7c" : {
              "Label" : "",
              "Action" : 10,
              "Text" : "E"
            },
            "0x75-0x100000-0x20" : {
              "Label" : "",
              "Action" : 11,
              "Text" : "0x1b 0x75"
            },
            "0x6a-0x140000" : {
              "Action" : 11,
              "Text" : "0x1b 0x0a"
            },
            "0x6b-0x140000" : {
              "Action" : 11,
              "Text" : "0x1b 0x0b"
            },
            "0x33-0x40000" : {
              "Text" : "0x1b",
              "Action" : 11
            },
            "0x6c-0x140000" : {
              "Action" : 11,
              "Text" : "0x1b 0x0c"
            },
            "0x4c-0x120000" : {
              "Action" : 11,
              "Text" : "0x1b 0x4c"
            },
            "0x4b-0x120000" : {
              "Action" : 11,
              "Text" : "0x1b 0x4b"
            },
            "0x72-0x100000" : {
              "Action" : 11,
              "Text" : "0x1b 0x72"
            },
            "0x73-0x100000" : {
              "Action" : 11,
              "Text" : "0x1b 0x73"
            },
            "0x38-0x40000" : {
              "Text" : "0x7f",
              "Action" : 11
            },
            "0x74-0x100000" : {
              "Action" : 11,
              "Text" : "0x1b 0x74"
            },
            "0x77-0x100000" : {
              "Action" : 11,
              "Text" : "0x1b 0x77"
            },
            "0x70-0x100000-0x23" : {
              "Label" : "",
              "Action" : 11,
              "Text" : "0x1b 0x70"
            },
            "0x6a-0x100000" : {
              "Action" : 11,
              "Text" : "0x1b 0x6a"
            },
            "0x6b-0x100000" : {
              "Action" : 11,
              "Text" : "0x1b 0x6b"
            },
            "0x79-0x100000" : {
              "Action" : 11,
              "Text" : "0x1b 0x79"
            },
            "0x32-0x40000" : {
              "Text" : "0x00",
              "Action" : 11
            },
            "0x6c-0x100000" : {
              "Action" : 11,
              "Text" : "0x1b 0x6c"
            },
            "0x62-0x100000-0xb" : {
              "Label" : "",
              "Action" : 10,
              "Text" : "b"
            },
            "0x4d-0x120000-0x2e" : {
              "Label" : "",
              "Action" : 11,
              "Text" : "0x1b 0x4d"
            },
            "0x6d-0x100000-0x2e" : {
              "Label" : "",